Type,Name,Request Count,Failure Count,Median Response Time,Average Response Time,Min Response Time,Max Response Time,Average Content Size,Requests/s,Failures/s,50%,66%,75%,80%,90%,95%,98%,99%,99.9%,99.99%,100%
GET,/api/v1/gateway/routes,662,0,4,3.8836169528498474,1.4348630065796897,31.23748500365764,13.0,22.669883460342046,0.0,4,4,5,5,6,6,8,12,31,31,31
POST,/api/v1/models [CREATE],47,0,12,12.56626902087443,4.196376001345925,53.786939999554306,219.4468085106383,1.609493236610387,0.0,12,14,16,16,17,19,54,54,54,54,54
GET,/api/v1/models [LIST],844,0,5,5.439199259698747,2.03158101066947,53.74498000310268,2250.2369668246447,28.90238918508865,0.0,5,6,6,7,8,9,13,17,54,54,54
GET,/health,392,0,4,3.8884553014584675,1.4129470073385164,23.42751799733378,62.0,13.42385848406961,0.0,4,4,5,5,5,6,9,12,23,23,23
,Aggregated,1945,0,4,4.769422992352267,1.4129470073385164,53.786939999554306,998.6755784061696,66.60562436611069,0.0,4,5,5,6,7,9,14,17,54,54,54
